<?xml version ="1.0" ?>
<ContactPage>
<menu>
										<li>
											<a href="index.html">Home</a>

										</li>

										<li>
											<a href="Doctor.html">Trabajar como medico</a>

										</li>
										<!-- eof pages -->

										<li>
											<a href="Nurse.html">Trabajar como enfermera</a>
										</li>

										<li>
											<a href="ITProfessional.html">Trabaja como experto en TI</a>

										</li>

										<li>
											<a href="Technician.html">Oportunidades para estudiantes.</a>

										</li>
										<li class="active">
											<a href="ContactUs.php">Contáctanos</a>
										</li>
		
</menu>
</ContactPage>