<?xml version ="1.0" ?>
<ContactPage>
<menu>

										<li>
											<a href="index.html">Home</a>

										</li>

										<li >
											<a href="Doctor.html">Arbeit als Arzt/Ärztin</a>

										</li>
										<!-- eof pages -->

										<li>
											<a href="Nurse.html">Arbeite als Krankenpfleger</a>
										</li>

										<li>
											<a href="ITProfessional.html">Arbeite als IT Experte</a>

										</li>

										<li>
											<a href="Technician.html">Möglichkeiten für junge Studenten</a>

										</li>
										<li class="active">
											<a href="ContactUs.php"> Kontakt uns</a>
										</li>

</menu>
</ContactPage>