<?xml version ="1.0" ?>
<ContactPage>
<menu>
				
										<li>
											<a href="index.html">Home</a>

										</li>

										<li>
											<a href="Doctor.html">Work as a Doctor</a>

										</li>
										<!-- eof pages -->

										<li>
											<a href="Nurse.html">Work as a Nurse</a>
										</li>

										<li>
											<a href="ITProfessional.html">Work as an IT Professional</a>

										</li>

										<li>
											<a href="Technician.html">Opportunities for young students</a>

										</li>
										<li class ="active">
											<a href="ContactUs.php"> Contact Us</a>
										</li>
			

</menu>
</ContactPage>