<?xml version ="1.0" ?>
<ThePage>
<menu>

					                    <li>
								         <a href="index.html">Home</a>
                                       </li>

										<li class="active">
											<a href="Doctor.html">Work as a Doctor</a>

										</li>
								
                                		<li>
											<a href="Nurse.html">Work as a Nurse</a>
										</li>

										<li>
											<a href="ITProfessional.html">Work as an IT Professional</a>

										</li>

										<li>
											<a href="Technician.html">Opportunities for young students</a>

										</li>
										
										<li>
											<a href="ContactUs.php"> Contact Us</a>
										</li>

</menu>

<DoctorPage>
<div>
	<!-- .post-thumbnail -->
								<div class="item-media post-thumbnail">
									<div class="embed-responsive embed-responsive-3by2">
											<img src="images/doctor.jpg" alt=""></img>
										
									</div>
								</div>


								<div class="item-content">
									<div class="entry-content">
										<h4 class="entry-title">
											Why Germany For Doctors ?
										</h4>
										<p>
											Germany has one of the best healthcare systems in the world. The use of the very latest therapies and medical equipment helps guarantee an exceptionally high level of care. In surveys, the medical profession is consistently one of the most highly regarded in Germany, followed in second place by the nursing profession
										</p>
										
										<p>
											As a medical doctor one has very good job prospects. Jobs that doctors typically get in Germany are in hospital, in their own medical practice or as an employee within big group practices. Besides, the salary of graduate medical doctors is the highest compared to graduates from other study fields, with an average of 49,000 Euros / year. This for the fact that there is a shortage of doctors and it is foreseen for this trend to continue for several more coming years.
										</p>

                                         <h4>
											Opportunities and Salary for Doctors in Germany
										 </h4>

										 <p>German hospitals have had to contend with a shortage of physicians for quite a number of years now. There is a need throughout Germany for several thousand additional physicians. This demand will continue to rise in coming years, particularly as many hospital physicians are soon due to enter retirement.</p>
										 <p>In the field of private practice, there is primarily a need for general practitioners, particularly in eastern Germany and rural areas, where there are often difficulties recruiting physicians to fill practices as they become vacant. These shortages will soon spread to other regions of Germany and other areas of specialization, since here, too, many physicians are due to retire in coming years.</p>
								          <p>As of April 2012, if you have completed your medical training in a foreign country, you are eligible to receive a medical license in Germany, regardless of whether you are from an EU or a non-EU – provided that the training is equivalent to the German medical training.</p>

										 <h4>Pre tax income and after tax income of German hospital doctors</h4>

                                              <!-- first table starts here -->
											  <table class="table table-striped table-responsive">
												<thead>
												  <tr class="">
													<th class="">stufe</th>
													<th class="">Career Level</th>
													<th class="">Pre-tax salary in € Per Month Brutto</th>
													<th class="">After-tax salary in € per month Netto</th>
													
												  </tr>
												</thead>
												<tbody>
												  <tr>
													<td>1</td>
													<td>0-3 Years Of Professional Experience</td>
													<td>From: 3.885 - Till: 4.813</td>
													<td>From: 2.385 - Till: 2.875</td>
												  </tr>
												  <tr>
													<td>2</td>
													<td>3-5 Years Of Professional Experience</td>
													<td>From: 4.440 - Till: 5.750</td>
													<td>From: 2.683 - Till: 3.331</td>
												  </tr>
												  <tr>
													<td>3</td>
													<td>5-8 Years Of Professional Experience</td>
													<td>From: 5.331 - Till: 7.093</td>
													<td>From: 3.600 - Till: 4.756</td>
												  </tr>
												  <tr>
													<td>4</td>
													<td>8-12 Years Of Professional Experience</td>
													<td>From: 6.626 - Till: 10.279</td>
													<td>From: 4.439 - Till: 6.681</td>
												  </tr>
										
												</tbody>
											  </table>



                                             <!-- first table ends here -->
											 <div class="divider-50"></div>

                                        <h4>Specializations and Duration</h4>

                                        <p>The specified course lengths for continuing medical training as cited in this document are  minimum requirements that may change from case to case, if the continuing training syllabuses cannot be acquired within the minimum allowed time. The tables below only serve as a general overview of the continuing training periods in the various fields, Schwerpunkte (Specialities) and Zusatz-Weiterbildungen (Extra Qualifications). As mentioned above, continuing training as a Facharzt (Specialist) on in a Schwerpunkt (Specialty) can be followed up in many fields of medicine. There is no obligation to engage in any of the latter courses or in any extra ualification courses</p>
										
										
										<h4>Examples</h4>
                                        <p>The following examples aim to explain the summary table “Facharzt- und hwerpunktkompetenz” (Specialist and Specialty Competence). They specify the minimum time needed for four different “Facharzt” (Specialist) qualifications. At the end of each Specialist, Specialty or Extra Qualification course, the trained doctor must document the required disciplinary competencies by passing an examination in order to gain the relevant title: Specialist, Specialty or Extra Qualification.</p>
                                        <h4>Titles for Fachärzte (Specialists)</h4>
                                        <p>Candidates who complete their continuing training as a Facharzt (Specialist) in accordance with the prescribed continuing training syllabuses and periods and are able to document the disciplinary competence required for this by passing an examination, will be awarded the title of Facharzt (Specialist).</p>
										<h4>Zusatzbezeichnungen (Extra Qualifications)</h4>
										<p>Candidates who gain Extra Qualifications in accordance with the prescribed training syllabuses and periods and are able to document that they have the disciplinary competence required for this by passing an examination will be awarded a Zusatzbezeichnung (Extra Qualification).</p>
										<h4> Anesthesiology</h4>
										<p>A doctor must complete at least 60 months (5 years) of continuing medical training to qualify as an Anesthetist.</p>
										<h4>Surgery</h4> 
										<p>To gain the specialist competencies listed in the table for the field of “Surgery”, a doctor must initially complete at least 24 months (2years) of basic continuing training. This is then followed by specialist continuing surgical training in the desired field. The choice of specialist competencies in the field of surgery are: General Surgery; Vascular Surgery; Cardiac Surgery; Pediatric Surgery; Orthopedics and Trauma Surgery; Plastic and Aesthetic Surgery; Thorax Surgery and Visceral Surgery. In other words: A doctor wishing to gain qualification as a Facharzt (Specialist) in the field of thorax surgery must, for example, complete at least 24 months of basic continuing training plus at least 48 months of subsequent specialist continuing training in thorax surgery. This means 24 months + 48 months = a minimum of at least 72 months (6 years).</p>
										<h4>Internal Medicine and General Medicine</h4>
										<p>Continuing training in the fields of “Internal and General Medicine” lasts (a total of) at least: 60 months (5 years) for disciplinary competence (Fachkompetenz) as a “General Practitioner” – 72 months (6 years) for specialist competence (Facharztkompetenz) as an “Internist” and additional disciplinary competencies (e.g. Internist and Pneumologist)”.</p>
										<h4>Pediatrics</h4>
										<p>Continuing training in the field of Pediatrics lasts at least 60 months. After passing the final examination, the qualified doctor is given the title: “Facharzt für Kinder- und ugendmedizin” “Paediatrician”. Subsequent specialization, for example in the field of “Neuropaediatrics / Child Neurology”, takes at least 36 months and is completed with a further examination.</p>
										<h4>Summary Table of Specialist and Specialty Competence</h4>
										<p>The following table lists the minimum times required for medical continuing training in the various medical fields and Specialty Competencies</p>
										<br></br>
										<p><b>Remarks: </b>The figures listed in this table are based on the Model Continuing Education Rules of the Bundesärztekammer (German Medical Association). The study regulations of the respective Landesärztekammern (State Medical Associations) may differ slightly.u</p>
										
										<!-- Second table -->
										 
										<table class="table table-striped table-condensed table-responsive ">
											<thead>
											  <tr>
												<th>Specialization</th>
												<th>No. of Months</th>
												<th>Specialization</th>
												<th>Hours</th>
												
											  </tr>
											</thead>
											<tbody>
											  <tr>
												<td>Anaesthesiology</td>
												<td>60</td>
												<td>Surgery</td>
												<td>24+48</td>
											  </tr>
											  <tr>
												<td>Anatomy</td>
												<td>60</td>
												<td>Vascular Surge</td>
												<td>24+48</td>
											  </tr>
											  <tr>
												<td>Industrial Medicine /Occupational Med</td>
												<td>60</td>
												<td>Cardiac Surgeon</td>
												<td>24+48</td>
											  </tr>
											  <tr>
												<td>Ophthalmology</td>
												<td>60</td>
												<td>Paediatric Surgeon</td>
												<td>24+48</td>
											  </tr>
											  <tr>
												<td>Biochemistry</td>
												<td>48</td>
												<td>Orthopaedic and Trauma Surgeon</td>
												<td>24+48</td>
											  </tr>
											  <tr>
												<td>Gynaecology and Obstetrics</td>
												<td>60</td>
												<td>Plastic and Aesthetic Surgeon</td>
												<td>24+48</td>
											  </tr>
											  <tr>
												<td>Dermatological and Venereal Diseases</td>
												<td>60</td>
												<td>Thorax Surgeon</td>
												<td>24+48</td>
											  </tr>
											  <tr>
												<td>Human Genetics</td>
												<td>60</td>
												<td>Visceral Surgeon</td>
												<td>24+48</td>
											  </tr>
											  <tr>
												<td>Hygiene and Environmental Medicine</td>
												<td>60</td>
												<td>Gynaecological Endocrinology &amp; Reproductive Med</td>
												<td>60+36</td>
											  </tr>
											  <tr>
												<td>Internal and General Medicine</td>
												<td>60</td>
												<td>Gynaecological Oncology</td>
												<td>60+36</td>
											  </tr>
											  <tr>
												<td>Internist:</td>
												<td>60</td>
												<td>Special Obstetrics and Perinatal Medicine</td>
												<td>60+36</td>
											  </tr>
											  <tr>
												<td>Internist and Angiologist</td>
												<td>72</td>
												<td>Speech, Voice &amp; Paediatric Hearing DO, Phoniatrician</td>
												<td>24+48</td>
											  </tr>
											  <tr>
												<td>Internist and Endocrinologist and Diabetologist</td>
												<td>72</td>
												<td>Speech, Voice  &amp; Paediatric Hearing DO, Phoniatrician</td>
												<td>24+48</td>
											  </tr>
											  <tr>
												<td>Internist and Gastroenterologist</td>
												<td>72</td>
												<td>Paediatric Haematology and Oncology</td>
												<td>60+36</td>
											  </tr>
											  <tr>
												<td>Internist and Haematologist and Oncologist</td>
												<td>72</td>
												<td>Paediatric Cardiology</td>
												<td>60+36</td>
											  </tr>
											  <tr>
												<td>Internist and Cardiologis</td>
												<td>72</td>
												<td>Neonatology</td>
												<td>60+36</td>
											  </tr>
											  <tr>
												<td>Internist and Nephrologist</td>
												<td>72</td>
												<td>Neuropaediatrics / Child Neurology</td>
												<td>60+36</td>
											  </tr>
											  <tr>
												<td>Internist and Pneumologis</td>
												<td>72</td>
												<td>Pathology</td>
												<td>24+48</td>
											  </tr>
											  <tr>
												<td>Internist and Rheumatologist</td>
												<td>72</td>
												<td>Pathologist</td>
												<td>24+48</td>
											  </tr>
											  <tr>
												<td>Paediatrics</td>
												<td>60</td>
												<td>Pharmacology</td>
												<td>24+48</td>
											  </tr>
											  <tr>
												<td>Paediatric Psychiatry and Psychotherapy</td>
												<td>60</td>
												<td>Pharmacologist and Toxicologist</td>
												<td>24+48</td>
											  </tr>
											  <tr>
												<td>Laboratory Medicine</td>
												<td>60</td>
												<td>Forensic Psychiatrist</td>
												<td>60+36</td>
											  </tr>
											  <tr>
												<td>Microbiology, Virology &amp; Epidemiology</td>
												<td>60</td>
												<td>Paediatric Radiology</td>
												<td>60+36</td>
											  </tr>
											  <tr>
												<td>Oral and Maxillofacial Surgery</td>
												<td>60</td>
												<td>Neuroradiology</td>
												<td>60+36</td>
											  </tr>
											  <tr>
												<td>Neurosurgery</td>
												<td>60</td>
												<td>Psychosomatic Medicine,sychotherapy</td>
												<td>60</td>
											  </tr>
											  <tr>
												  <td>Neurology</td>
												  <td>60</td>
												  <td>Radiology</td>
												  <td>60</td>
											  </tr>
											  <tr>
												<td>Nuclear Medicine</td>
												<td>60</td>
												<td>Transfusion Medicine</td>
												<td>60</td>
											</tr>
											<tr>
												<td>Public Health</td>
												<td>60</td>
												<td>Urology</td>
												<td>60</td>
											</tr>
											<tr>
												<td>Physical Medicine and Rehabilitation (Physiatrist)</td>
												<td>60</td>
												<td>Forensic Pathology</td>
												<td>60</td>
											</tr>
											<tr>
												<td>Physiology</td>
												<td>48</td>
												<td>Radiation Therapy</td>
												<td>60</td>
											</tr>
											<tr>
												<td>Psychiatry and sychotherapy</td>
												<td>60</td>
												
												
											</tr>
											
					
		
										
									
											</tbody>
										  </table>
										
										
										<div class ="divider-50"></div>
										<!-- second table ends here -->
										<h4>Summary Table of Extra Qualifications</h4>
										<p>In addition to medical continuing training and qualification in the Schwerpunkte (Specialities), doctors wishing to further specialise can gain a Zusatz-Weiterbildung (Extra  Qualification). The minimum time needed for the individual disciplinary competencies is as follows: As already mentioned above, such Extra Qualification is not counted as part of the time prescribed for training as a specialist. The following special competencies are gained, in particular, by completing an Extra Qualification course.</p>
										<h4>Extra Qualifications</h4>
										<table  class="table-responsive table-striped">
											<thead>
												<tr>
													<th>S.No</th>
													<th>Extra Qualification</th>
													<th>No. of Months/hours</th>
												</tr>
											</thead>
											<tbody>

												<tr>
													<td>1</td>
													<td>Medical Quality Management</td>
													<td>200 hrs</td>
												</tr>
												<tr>
													<td>2</td>
													<td>Acupuncture</td>
													<td>120 h + 60 h +20 h</td>
												</tr>
												<tr>
													<td>3</td>
													<td>Allergology</td>
													<td>18 m</td>
												</tr><tr>
													<td>4</td>
													<td>Andrology</td>
													<td>18 m</td>
												</tr><tr>
													<td>5</td>
													<td>Occupational Health</td>
													<td>36 h + 360 h</td>
												</tr><tr>
													<td>6</td>
													<td>Dermatological Histology</td>
													<td>24 m</td>
												</tr><tr>
													<td>7</td>
													<td>Diabetology</td>
													<td>18 m</td>
												</tr><tr>
													<td>8</td>
													<td>Aviation Medicine</td>
													<td>6 m + 180 h</td>
												</tr><tr>
													<td>9</td>
													<td>Geriatric Medicine</td>
													<td>18 m</td>
												</tr><tr>
													<td>10</td>
													<td>Gynaecological Exfoliative Cytology</td>
													<td>No proof of minimal continuing training hrs required</td>
												</tr><tr>
													<td>11</td>
													<td>Haemostaseology</td>
													<td>12 m</td>
												</tr><tr>
													<td>12</td>
													<td>Hand Surgery</td>
													<td>36 m</td>
												</tr><tr>
													<td>13</td>
													<td>Homeopathy</td>
													<td>6 m +160 h</td>
												</tr><tr>
													<td>14</td>
													<td>Infectology</td>
													<td>12 m</td>
												</tr><tr>
													<td>15</td>
													<td>Intensive Care</td>
													<td>24 m</td>
												</tr><tr>
													<td>16</td>
													<td>Paediatric Endocrinology and Diabetology</td>
													<td>36 m</td>
												</tr><tr>
													<td>17</td>
													<td>Paediatric Gastroenterology</td>
													<td>18 m</td>
												</tr><tr>
													<td>18</td>
													<td>Paediatric Nephrology</td>
													<td>36 m</td>
												</tr><tr>
													<td>
												19</td>
													<td>Paediatric Orthopaedics</td>
													<td>18 m</td>
												</tr><tr>
													<td>20</td>
													<td>Paediatric Pneumology</td>
													<td>36 m</td>
												</tr><tr>
													<td>21</td>
													<td>Paediatric Rheumatology</td>
													<td>18 m</td>
												</tr><tr>
													<td>22</td>
													<td>Laboratory Diagnosis– subject specific</td>
													<td>6 m</td>
												</tr><tr>
													<td>23</td>
													<td>Magnetic Resonance Imaging (MRI) –subject specific</td>
													<td>24m</td>
												</tr><tr>
													<td>24</td>
													<td>Manual Medicine/Chirotherapy</td>
													<td>120 h +200 h</td>
												</tr><tr>
													<td>25</td>
													<td>Pharmacological tumour therapy</td>
													<td>12 m</td>
												</tr>
												<tr>
													<td>26</td>
													<td>Medical Information Systems</td>
													<td>12 m +360 h +480 h</td>
												</tr>
												<tr>
													<td>27</td>
													<td>Naturopathy</td>
													<td>3 m / or 80 h + 160 h</td>
												</tr>
												<tr>
													<td>28</td>
													<td>Emergency (Trauma) Medicine</td>
													<td>6 m + 80 h + proof of 50 emergency</td>
												</tr>
												<tr>
													<td>29</td>
													<td>Orthopedic Rheumatology</td>
													<td>36m</td>
												</tr>
												<tr>
													<td>30</td>
													<td>Palliative Medicine</td>
													<td>12 m + 40 h</td>
												</tr>
												<tr>
													<td>31</td>
													<td>Phlebology</td>
													<td>18 m</td>
												</tr>
												<tr>
													<td>32</td>
													<td>Physical Therapy and Balneology</td>
													<td>12 m + 240 h</td>
												</tr>
												<tr>
													<td>33</td>
													<td>Plastic Operations</td>
													<td>24 m</td>
												</tr>
												<tr>
													<td>34</td>
													<td>Proctology</td>
													<td>12 m</td>
												</tr>
												<tr>
													<td>35</td>
													<td>Psychoanalysis</td>
													<td>250 h + 240 +600 h</td>
												</tr>
												<tr>
													<td>36</td>
													<td>Psychotherapy – subject specific</td>
													<td>100 h + 16 double hr + 15 double hr + 15 double hr + 120 h +100 h + 120 h + 16 double + 15 double hr +15 double hr +15 double +120 h + 100 h</td>
												</tr>
												<tr>
													<td>37</td>
													<td>Rehabilitation Medicine</td>
													<td>12 +160 h + 160 h</td>
												</tr>
												<tr>
													<td>38</td>
													<td>X-ray Diagnostics – subject specific</td>
													<td>18 m and/or 12 m (depending on the subject)</td>
												</tr>
												<tr>
													<td></td>
													<td></td>
													<td></td>
												</tr>
												<tr>
													<td>39</td>
													<td>Sleep Medicine</td>
													<td>18 m</td>
												</tr>
												<tr>
													<td>40</td>
													<td>Social Medicine</td>
													<td>12 m +160 h +160 h</td>
												</tr>
												<tr>
													<td>41</td>
													<td>Special Orthopaedic Surgery</td>
													<td>36 m</td>
												</tr>
												<tr>
													<td>42</td>
													<td>Special Pain Therapy</td>
													<td>12 m + 80 h</td>
												</tr>
												<tr>
													<td>43</td>
													<td>Special Trauma Surgery</td>
													<td>36 m</td>
												</tr>
												<tr>
													<td>44</td>
													<td>Sports Medicine</td>
													<td>12 m +240 h +120 h</td>
												</tr>
												<tr>
													<td>45</td>
													<td>Addiction Medicine</td>
													<td>50 h</td>
												</tr>
													<tr>
													<td>46</td>
													<td>Tropical Medicine</td>
													<td></td>
												</tr>
													

											</tbody>
										</table>
										<div class="divider-50"></div>
										<h4>Process and Requirements</h4>
										<div class="divider-50"></div>
										
							            <h4><u>STEP 1:</u></h4>                               
										  <h4>German Language Requirements</h4>
										  <p>The candidate should have successfully completed from A1, A2, B1 &amp; B2 level in German language and obtained an attestation form a recognized examination center (German school, Goethe Institute, TELC, OSD): German language certification required B2 Level ,Non EU Doctors can learn German language in their Home Country.</p>
										    
										<h4><u>STEP 2:</u></h4>
										<h4>Defizit Bescheinigung (Deficit certificate)</h4>
										<p>The candidate needs to go through for the equivalence process is to check his eligibility to the German Job Market which can be verified through the submission for the Defizit Bescheinigung.</p>
										<p>All the Certificates to be translated into German language and be authenticated.</p>
										<h4>Apply For Fachsprachprufung – Training and Paid Hospitation – Internship</h4>
										<p>Duration: 6 Months</p>
										<p>During Clinical internship, you can earn 700 to 1000 Euros per Month</p>
										
										<h4><u> STEP 3</u></h4>
										<h4>Apply for Visa</h4>
										<p>After getting  Invitation for FSP apply for visa in German Embassy . </p>
										
										
										<!-- <h4> <u> Step 4 </u></h4> -->
										<p>Once you have done with FSP training &amp; Exam ,You will receive Temporary License (Berufserlaubnis (Occupation permit) ) to work in Germany.</p>
										
										

										<h4> <u>STEP 4</u></h4>
										<h4>Kenntnisprüfung – KP Training for Approbation</h4>
										<p>So called permanent license is basically the license to practice medicine every practicing doctor in Germany must have. Once issued its valid life-long and the post graduation officially starts. The exam to be cleared to get Approbation is called Kenntnisprüfung. In this exam along with language, the medical knowledge is also tested. This exam can be taken only 3 times in total. Once you clear Approbation exam, then your Specialization starts.</p>
										 
										

										<div class="divider-50"></div>
										<h4>Fachsprachprufüng – FSP</h4>
										<p>(Fachsprachprufüng) is a training Program for foreign doctors ,who are willing to work in Germany . Telc-B2/C1 , It covers</p>
                                    	<div class="divider-50"></div>
									
									<!-- another table-->
									<table class="table table-responsive table-striped ">
										<thead>
										  
										</thead>
										<tbody>
										  <tr>
											<td>Structured target-oriented patient communication</td>
											<td>Medical vocabulary</td>
										 </tr>
										 <tr>
											<td> Professional – personal medical history (emergency room, practice)</td>
											<td>Listening</td>
										 </tr>
										 <tr>
											<td> Every day entire clearly detailed simulated subject language exam</td>
											<td> Essential treatment steps</td>
										 </tr>
										 <tr>
											<td>Doctor’s letter with a successful methodology that meets the high demands of the FSP.</td>
											
										 </tr>
										 <tr>
											<td>Diagnosis</td>
											<td>Give medical advice</td>
										 </tr>
										 <tr>
											<td> Physical examination</td>
											<td>Third-party anamnesis</td>
										 </tr>
										 <tr>
											<td> Doctor-doctor talk made easy</td>
											<td>Medical Terminology</td>
										 </tr>
										 <tr>
											<td> Preparation for everyday life in the hospital</td>
											<td>Clinical Training</td>
										 </tr>
										 <tr>
											<td> Vocabulary Latin-German for part 3 Doctor-doctor conversation</td>
											<td>Vocabulary anatomy</td>
										 </tr>
										 <tr>
											<td>Simultaneous preparation for telc C1 medicine and PKT</td>
											<td>Living will</td>
										 </tr>
										 <tr>
											<td> Intensive medical talks</td>
											<td>Important legal paragraphs</td>
										 </tr>
										 <tr>
											<td> Authentic case studies of past technical language examinations</td>
											<td>Read and understand specialist texts</td>
										 </tr>
										
										  
										</tbody>
									  </table>
									<!-- another table ends here-->
									
									<h4>Berufserlaubnis</h4>
									<p>Its the temporary licence issued mostly for 2 years. Currently every state has an exam called Fachsprachprüfung, to be cleared to get Berufserlaubnis. This exam is taken to test only and only language proficiency. One important thing to be kept in mind is that with Berufserlaubnis one can only work in a hospital as a doctor but this time is not counted in the “Weiterbildung” or post graduation. The Fachsprachprüfung exam can be taken as many times as possible. For some states having a job is a prerequisite to apply for the exam (Nordrhein Westfalen), while some can let you apply without having a job (Bayern). The document and language requirements for different states also varies, based on Berufserlaubnis. One can earn monthly 2800 to 4000 Euros per month.
									</p>
									 <h4>Kenntnisprüfung</h4>
									 <p>So called permanent license is basically the license to practice medicine every practicing doctor in Germany must have. Once issued its valid life-long and the post graduation officially starts. The exam to be cleared to get Approbation is called Kenntnisprüfung. In this exam along with language, the medical knowledge is also tested. This exam can be taken only 3 times in total. Once you clear Approbation exam, then your Specialization starts.</p>	
									
									
									</div>
									<!-- .entry-content -->
								
									<!-- .entry-footer -->

								</div>
								<!-- .item-content -->
							
								
							 <!-- our services -->
							 <div class="divider-60 content-padding box our-service-box">
								 <h3 class="text-center"><b>OUR SERVICES</b></h3>
                               <div class ="divider-50"></div>
								 <div class="services-images 1">
                                 <img src="images/service1.png" class="img-responsive"></img> 
								 </div>
								 <div class="services-images 2">
									<img src="images/service2.png" class="img-responsive"></img> 
								   </div>
								   <div class="services-images 3">
									<img src="images/service3.png" class="img-responsive"></img> 
								   </div>
								   <div class="services-images">
									<img src="images/service4.png" class="img-responsive"></img> 
								   </div>
								   <div class="services-images">
									<img src="images/service5.png" class="img-responsive"></img> 
								   </div>
								   
								   <div class="services-images">
									<img src="images/service7.png" class="img-responsive"></img> 
								   </div>
							
								   <div class="services-images">
									<img src="images/service8.png" class="img-responsive"></img> 
								   </div>
							
								   <div class="services-images">
									<img src="images/service10.png" class="img-responsive"></img> 
								   </div>
							
								   <div class="services-images">
									<img src="images/service12.png" class="img-responsive"></img> 
								   </div>
								   <div class="services-images">
									<img src="images/service6.png" class="img-responsive"></img> 
								   </div>

								   <div class="divider-50"></div>
							
							 </div>
							 <!-- our services ends here-->

</div>
</DoctorPage>

</ThePage>