<?xml version ="1.0" ?>
<LandingPage>
 <menu>
 
										<li class ="active">
											<a href="index.html">Home</a>

										</li>

										<li>
											<a href="Doctor.html">Trabajar como medico</a>

										</li>
										<!-- eof pages -->

										<li>
											<a href="Nurse.html">Trabajar como enfermera</a>
										</li>

										<li>
											<a href="ITProfessional.html">Trabaja como experto en TI</a>

										</li>

										<li>
											<a href="Technician.html">Oportunidades para estudiantes.</a>

										</li>
										<li>
											<a href="ContactUs.php">Contáctanos</a>
										</li>
		
 </menu>

  
  <About-Heading>Sobre nosotros</About-Heading>
 
  <About-paragraphOne>	           
  Germany careers specialises in personnel consultancy in the field of Medicine and Software Engineering in Germany.
 </About-paragraphOne>
 
 
  <About-paragraphTwo>
  We also help professionals with visa guidance and early setup in Germany.
  We also help young students with 10th or 12th grade schooling get Apprenticeship in German companies with which they can continue their schooling in parallel. 
  </About-paragraphTwo>


</LandingPage>