<?xml version ="1.0" ?>
<LandingPage>

 <menu>

										<li class ="active">
											<a href="index.html">Home</a>

										</li>

										<li class="">
											<a href="Doctor.html">Work as a Doctor</a>

										</li>
										<!-- eof pages -->

										<li>
											<a href="Nurse.html">Work as a Nurse</a>
										</li>

										<li>
											<a href="ITProfessional.html">Work as an IT Professional</a>

										</li>

										<li>
											<a href="Technician.html">Opportunities for young students</a>

										</li>
										<li>
											<a href="ContactUs.php"> Contact Us</a>
										</li>
								
	
 </menu>

  
  <About-Heading>About Us</About-Heading>
 
  <About-paragraphOne>	           
  Germany careers specialises in personnel consultancy in the field of Medicine and Software Engineering in Germany.
 </About-paragraphOne>
 
 
  <About-paragraphTwo>
  We also help professionals with visa guidance and early setup in Germany.
  We also help young students with 10th or 12th grade schooling get Apprenticeship in German companies with which they can continue their schooling in parallel. 
  </About-paragraphTwo>



</LandingPage>