<?xml version ="1.0" ?>
<LandingPage>

 <menu>

										<li class="active">
											<a href="index.html">Home</a>

										</li>

										<li >
											<a href="Doctor.html">Arbeit als Arzt/Ärztin</a>

										</li>
										<!-- eof pages -->

										<li>
											<a href="Nurse.html">Arbeite als Krankenpfleger</a>
										</li>

										<li>
											<a href="ITProfessional.html">Arbeite als IT Experte</a>

										</li>

										<li>
											<a href="Technician.html">Möglichkeiten für junge Studenten</a>

										</li>
										<li>
											<a href="ContactUs.php"> Kontakt uns</a>
										</li>
				

 </menu>


  <About-Heading>Über uns</About-Heading>
 
  <About-paragraphOne>	           
  Germany careers specialises in personnel consultancy in the field of Medicine and Software Engineering in Germany.
 </About-paragraphOne>
 
 
  <About-paragraphTwo>
  We also help professionals with visa guidance and early setup in Germany.
  We also help young students with 10th or 12th grade schooling get Apprenticeship in German companies with which they can continue their schooling in parallel. 
  </About-paragraphTwo>
</LandingPage>