<?xml version ="1.0" ?>
<ThePage>
<menu>
	
										<li>
											<a href="index.html">Home</a>

										</li>

										<li>
											<a href="Doctor.html">Trabajar como medico</a>

										</li>
										<!-- eof pages -->

										<li>
											<a href="Nurse.html">Trabajar como enfermera</a>
										</li>

										<li  class ="active">
											<a href="ITProfessional.html">Trabaja como experto en TI</a>
										</li>

										<li>
											<a href="Technician.html">Oportunidades para estudiantes.</a>

										</li>
										<li>
											<a href="ContactUs.php">Contáctanos</a>
										</li>
					
</menu>
<ITPage>


								<!-- .post-thumbnail -->
								<div class="item-media post-thumbnail">
									<div class="embed-responsive embed-responsive-3by2">
									
											<img src="images/itprofessional.jpg" alt=""></img>
									</div>
								</div>

								<div class="item-content">
									<div class="entry-content">
									<h4>Why Choose Germany in Spanish</h4>
									<p>Germany’s economy is experiencing a profound success right now in the international market, meaning there are good paying jobs everywhere around the country. There are many reasons to consider moving to Germany for work. You're bound to find a job with their low unemployment rate, the worker benefits are numerous, and working hours are flexible and forgiving. </p>
								    <p>German employment laws are generally more favourable to workers, especially their termination protection, collective bargaining agreements, and holidays. German workers are entitled to maternity leave, often lasting more than a year. They are also entitled to sick pay for up to 6 weeks, with an additional 6 weeks available if necessary. Vacation pay in Germany is protected by law to be at least 4 weeks per year, which are leagues ahead of other nations around the world. And social security payments are mandatory by law as well. Germany’s worker benefits are substantial in regards to other countries. </p>
									<h4>Current Job Situation</h4>
									<p>Germany seeks developers and software engineers. Giants like Daimler, Volkswagen, BMW, Siemens, Bosch, Allianz, Continental and Bayer, and so on, are head quartered in Germany. Moreover, Germany is economically booming due to its medium or small size companies that are always looking for good software developers. Ask any Start-up in Berlin and they will tell you their number 1 problem is finding Software developers/engineers. In fact, every 1 out of 10 jobs in Germany are for Software developers/engineers. The demand is so high that the Federal government has relaxed visa possibilities for foreign qualified professionals. That said qualified applicants from abroad will have good chances of moving to Germany provided they have found a job for themselves</p> 
									<h4>Requirements</h4>
									<ol>
										<li>A Bachelor or Master’s Degree from a recognized university.</li>
										<li>A minimum of 5 years of experience in your related field of study. </li>
										<li>Detailed and updated Curriculum Vitae (CV)</li>
										<li>Cover or Motivation letter.</li>
										<li>A Valid Passport.</li>
										<li>Must be fluent in English (Written and Spoken). German is preferred. </li>
									</ol>
									<h4>Fields</h4>
									<p>As a software engineer and developer, you must be familiar in responsive Web applications (SOAP, REST, XML etc.), desktop or mobile development with one or many of the following technologies  </p>
									<ul>
										<li>.Net (ASP.NET Core), Java/JEE, C/C++, Python, PHP, KOTLIN, JavaScript (Node.js) </li>
										<li>Databases (relation or non-relational)</li>
										<li>Mobile development (iOS, Android, Xamarin, React Native, Windows, Progressive Web App)</li>
										<li>Frontend (Angular, React, Vue, Ember or Backbone)</li>
										<li>Cloud Platforms e.g. GCP, AWS or Azure, IBM Cloud or Oracle Cloud</li>
										<li>Dockers or Kubernetes</li>
										<li>Continuous Integration and Continuous Delivery e.g. GitLab, TFS, Jenkins</li>
									</ul>
									<div class="divider-50"></div>
									<h4>What we do for you</h4>
									<p>If you have the requirements and the willingness to migrate to Germany and start a new life in Europe then that’s all we need from you. Sign up with us and you would receive hassle free benefits. Our partners in Germany</p>
									<ol>
									  <li>Will look actively for jobs related to your profile.</li>
									  <li>Apply to these jobs on your behalf.</li>
									  <li>Help arrange the interviews.</li>
									  <li>Help you in the visa process after successful hunt.</li>
									</ol>
									<div class="divider-50"></div>
									<h4>Contact Us</h4>
									If you think you can put your confidence on us then <a href="ContactUs.php">contact us</a>
									<div class="divider-50"></div>

								    
								
								</div>
								</div>	
 


</ITPage>

</ThePage>