<?xml version ="1.0" ?>
<ThePage>

<menu>

										<li>
											<a href="index.html">Home</a>
										</li>

										<li class="">
											<a href="Doctor.html">Trabajar como medico</a>

										</li>
										<!-- eof pages -->

										<li class ="active">
											<a href="Nurse.html">Trabajar como enfermera</a>
										</li>

										<li>
											<a href="ITProfessional.html">Trabaja como experto en TI</a>

										</li>

										<li>
											<a href="Technician.html">Oportunidades para estudiantes.</a>

										</li>
										<li>
											<a href="ContactUs.php">Contáctanos</a>
										</li>
					

</menu>

<NursePage>


								<!-- .post-thumbnail -->
								<div class="item-media post-thumbnail">
									<div class="embed-responsive embed-responsive-3by2">
									
											<img src="images/nurse5.png" alt=""></img>
									</div>
								</div>

								<div class="item-content">
									<div class="entry-content">
									<h4>Why Germany for Nurses in Spanish</h4>
									<p>As there are many nursing vacancies in Germany, which are to be filled, the German government under act is providing provision for foreign nurses to work in Germany. Germany has one of the Best Healthcare Systems in the World. The use of the very latest  therapies and medical equipment helps guarantee an exceptionally high level of care. Increasing digitalization is opening up new possibilities for medical care, as X‐ray images and medical reports are available faster.</p>
									
									<h4>Who Can Apply ?</h4>
									<p>How to  apply/ Basic requirements?</p>
									<ul>
										<li>Bachelors Nursing with 3 years training with a degree certificate</li>
										<li>Registered in your home country  </li>
										<li>Valid work certificate  </li>
										<li>Medical certificate confirming your good health status  </li>
										<li> German B2 language (If not trained in language , we provide assistance for training/medical terminology) </li>
									</ul>
									<!-- <div class="divider-50"></div>
									<h4>Requirements</h4> -->
									<ul>
										<li> Finished nursing vocational training / Bachelor / Master degree </li>
										<li> Hepatitis B Vaccination </li>
									
									</ul>
									<div class="divider-50"></div>
                                   <h4>How to Apply</h4>
									<ul>
										<li>Complete the application form and send across the required documents, wait for our International office /ministry of health to verify/proof your documents (3 to 4 Weeks) </li>
										<li>Learn German Language meanwhile we apply on your behalf in Germany to get you register as Nurse  </li>
										<li>Transfer Fees  </li>
										<li>Once you get B2 we will arrange Skype-interview  </li>
										<li>After passing Interview and getting Job Letter we will help you to prepare your documents for Visa</li>
									    <li>Once Visa issued, Pack your bags to fly to Germany</li>
									
									
									</ul>
									<div class="divider-50"></div>
									<h4>Checklist for the required documents for Working as Nurse in Germany     </h4>
									<ul>
										<li>Diploma and transcripts of High School (translation + legalisation needed)</li>
										<li>University graduation Diploma and Equivalence (if the University is private) (translation + legalisation needed)</li>
										<li>Transcripts (for each semester; subjects – hourly volume of each year) (translation + legalisation needed)</li>
										<li>Internship certificates during the academic years (hourly volume) (translation + legalisation needed)</li>
										<li>Certificate of practicing a nurse profession (not older than 3 months) (translation + legalisation needed)</li>
										<li>Detailed work certificate to proof experiences as nurse (job title, duration, branch and tasks in details this help nurses who has 12 years or more to get the fully equivalence) (translation + legalisation needed)</li>
										<li>Police clearance certificate (not older than 3 months) (translation + legalisation needed)</li>
										<li>Confirmation of participation at congresses, workshops, etc. (if applicable) (translation + legalisation needed)</li>
										<li>German B2 level certificate (it can be submitted during the application process or later) just copy of the original certificate (no legalisation needed)</li>
										<li>Copy of passport (no legalisation needed)</li>
										<li>CV Word document (in German preferably, but we accept in English as well (no legalisation needed)</li>
										<li>Letter of motivation – a short description why they want to live and work in Germany (we translate your letter for motivation in German language for free)</li>
										
									</ul>

									<div class="divider-50"></div>
									<p>
										For further information about our services or any inquiries you might have, please don't hesitate to contact us.</p> 
								    
								
								</div>
								</div>		


</NursePage>

</ThePage>