<?xml version ="1.0" ?>
<ThePage>
<menu>
                                		<li>
											<a href="index.html">Home</a>

										</li>

										<li>
											<a href="Doctor.html">Trabajar como medico</a>

										</li>
										<!-- eof pages -->

										<li>
											<a href="Nurse.html">Trabajar como enfermera</a>
										</li>

										<li>
											<a href="ITProfessional.html">Trabaja como experto en TI</a>

										</li>

										<li class ="active">
											<a href="Technician.html">Oportunidades para estudiantes.</a>

										</li>
										<li>
											<a href="ContactUs.php">Contáctanos</a>
										</li>
					
</menu>
<TechnicianPage>

								<div class="item-media post-thumbnail">
									<div class="embed-responsive embed-responsive-3by2">
									
											<img src="images/fsc.jpg" alt=""></img>
									</div>
								</div>
                                
								<div class="item-content">
									<div class="entry-content">
									<h4>Why Work in Germany as a Technician in Spanish</h4>
									<p>We are successful in the placement of international apprentices inter Alia from Brazil, Vietnam, India, Ukraine and North Africa. The system of vocational training (in German: “Berufsausbildungen”) in Germany is unique: Within a paid multi-year education program students learn a profession during their apprenticeship according to German standards as well in vocational schools as the companies which employ the trainees.</p>  
								    <h4>
										Apprenticeship Germany 2020: Become a skilled worker</h4>
										<p>With a vocational training in Germany, foreign applicants also receive a German qualification as a skilled worker. With this qualification, skilled workers can continue to work as experts in the company, obtain further qualifications (e.g. master craftsman, Bachelor professional or Master professional or even can start a study at university), become self-employed in Germany or return to their home country to work here with the foreign qualification. </p>
									<h4>Learning in companies and schools in parallel</h4>
									<p>Almost all skilled blue collar professions in Germany can only be practiced if the workers have previously successfully completed a vocational training: for example, bricklayers, bakers, merchants, nurses or electricians. In most countries of the world, there is no comparable qualification to the German vocational training system..</p>  
								    <p>Important to understand is that the students in the vocational training are employees of a company where they work approximately 50% of their time in order to learn. During the other 50% they receive a training in a vocational school. The company pays all schooling fees for the apprentices. Hence candidates must be employed by a company – only then they can start the training. This is why also international candidates need to apply first and succeed in a selection process.</p>	
								  <p>Germany Careers will help during this process</p>
									<h4>Which foreigners can start an Apprenticeship Germany 2020?</h4>
									<p>Foreigners from all countries in the world can start a vocational training in Germany. It does not matter from which country you come. We consult foreigners on the existing professions and respective trainings, we help foreign applicants to find a suitable position for a vocational training in Germany, to choose a suitable company and explain how to apply for visas. </p>
								
								   <p>Foreigners have very good career opportunities in Germany on the basis of current legislation: After vocational training, it is possible for foreigners to stay in Germany in order to work in this profession.</p>
									<h4>Requirements</h4>
									 <ul>
										 <li>You are at least 18 years old</li>
										 <li>You speak German at least at the following level B1 or B2(you should always apply – even if you only speak German at level A1 or A2. You have the opportunity to improve your German language skills until the start of classes )</li>
										 <li>You have a German or foreign school certificate 10TH Grade</li>
										 <li>You have driving License or will get it soon </li>
										
									 </ul>
									 <div class="divider-50"></div>
									 <h4>Send your application with</h4>
									 <ul>
										 <li>Cover letter (informal, about 1 DIN A4 page, with your contact details, your name and your signature and indicating the position you are applying for)Describe yourself  and explain why you are applying for this position: Why are you promoting yourself? Explain your skills and preferences that you can bring in specifically for the position you are applying for: Why do you qualify?</li>
										 <li>Curriculum Vitae </li>
										
									 </ul>
									 <div class="divider-50"></div>
									 <h4>Course Details</h4>
									 <ul>
										 <li>Total Study Period:  3-4 Years</li>
										 <li>Course Start: March , September every Year </li>
										 <li>Applications must be submitted at least three months before the start.</li>
									 </ul>
									 <div class="divider-50"></div>
									 <h4>Stipend during Study Period </h4>
									 <p>During the training, the trainees receive a training allowance from their respective employer. The monthly remuneration starts at a minimum of € 515 gross in the first year of training. The monthly remuneration increases afterwards - up to € 900 gross or more in the third year of training.</p>
									 <h4>Which degree do I acquire with an apprenticeship in Germany?</h4>
									 <p>As a rule, a certificate as ‘skilled worker’ is awarded as degree. This degree offers excellent career opportunities in Germany and worldwide. The skilled worker qualification enables you to apply for a permanent residence permit in Germany, provided that some other requirements are met.</p>
									<h4>How will I be looked after as a foreign applicant in Germany?</h4>
									<p>The organizational and social support of applicants in Germany is our strength: We pick you up from the airport, help in finding a good accommodation, support an active social life and are always personally available with advice and action – even with a hotline during your stay in Germany</p>
									<h4>Real and legal training places for foreign entrants to the labour market</h4>
									<p>Our training places are filled in cooperation with German industry and excellent educational institutions as well as vocational schools: In most cases, the trainees are even taken on directly by the companies after successfully completing their vocational training, in many cases for an indefinite period. In most companies there are further career opportunities, for example a higher vocational qualification (master craftsman) can be acquired or a dual university degree can be completed – often with the support or even financing of a company.</p>	
								    <h4>
										Apprenticeship Germany 2020: What happens after vocational training?</h4>
										<p>Depending on the applicant’s country of origin, there is the possibility of permanent employment in Germany after the training. German companies are interested in permanent employment for most applicants and will generally make you a very good job offer.</p>
										<h4>The following training positions are available from August/September:</h4>
										<ul>
											<li>Apprentice construction mechanic</li>
											<li>Apprenticeship butcher in Germany</li>
                                            <li>Apprenticeship salesperson in Germany</li>
                                            <li>Retail salesman apprenticeship / retail saleswoman apprenticeship in Germany</li>
                                            <li>Apprenticeship ‘specialist for food technology’ in Germany (vocational training)!</li>
                                            <li> Apprenticeships industrial clerk 2020 (occupational training in Germany)</li>
                                            <li>Apprenticeship in Germany: Warehouse logistics specialist</li>
                                            <li>Trainee nursing specialist (vocational training in Germany as an apprentice)</li>
                                            <li>Hairdresser / hairstylist / barber from any EU country to work in Germany – even without work experience</li>
                                            <li>Application for any vocational training position in Germany</li>
                                            <li>Electrician apprenticeship (technician, mechatronics)</li>
                                            <li>Vocational education: trainee construction and machinery</li>
											<li>Trainee civil engineering with specialization track construction</li>
											<li>Apprenticeship cutting machine operator in Saxony</li>
                                            <li>Career in Germany for foreigners: Apprenticeship industry plant construction</li>
											<li>Apprentice Electrician – Electronics Technician – Mechatronics</li>
											<div class="divider-50"></div>
												<li style="text-decoration:underline;">Trainee state certified nursing assistant</li>
                                            <li>Apprenticeship ‘Restaurant specialist’</li>
                                            <li>Apprenticeship ‘Hotel specialist’</li>
                                            <li>Apprenticeship ‘Cook’ in Germany</li>
                                            
                                            </ul>
										   <div class="divider-50"></div>
                                            <p>If interested Please <a href="ContactUs.html">contact us</a> for more details </p> 




										
								
									</div>
								</div>		

</TechnicianPage>

</ThePage>